id,marka,model,data_produkcji,data_rejestracji,numer_rej,numer_vin
1,Alfa Romeo,Spider,2012-06-26 15:14:20,Invalid date,OBB-RUJ6U,NAINYDSVOTHM51Z
2,Daewoo,Nubira,2014-08-29 04:44:17,Invalid date,TEG-BWQJX,21TDIDHH8GBODR2
3,Peugeot,505,2020-08-01 01:00:07,Invalid date,ZAT-FLS6L,NIEZGZTSEGYT6AZ
4,BMW,535xi,2020-11-03 16:18:03,Invalid date,RVG-OOHSH,JACWCZO1MVIZ1XQ
5,Aston Martin,DB9,2018-06-30 10:28:26,Invalid date,LXT-0NX4V,GPPHF7TOEH45ZTK
6,Buick,Le Sabre,2016-03-09 08:40:19,Invalid date,KSZ-LLS5W,TOUNPNAXLCAC8TI
7,Geo,Metro,2020-09-10 22:22:36,Invalid date,CMD-VYHXE,GCGWCC7UUR8UCOB
8,Lamborghini,Aventador,2013-11-25 01:30:39,Invalid date,VAN-L1PQA,E9FI78TZZGXUEQR
9,BMW,740iL,2018-08-08 01:57:03,Invalid date,KNS-UUHIR,YKAWEHYRC9BX1BH
10,Ferrari,575M Maranello,2020-02-10 03:14:33,Invalid date,CBD-4A6GS,PRKULX6FLKGV7TC
11,Mitsubishi,Mighty Max,2019-12-02 17:05:49,Invalid date,DCJ-XL4YL,HYI2HHLVYHFOE9K
12,Avanti,Convertible,2019-04-04 22:08:42,Invalid date,AXY-2EFK4,OESF0LATVQSRDEJ
13,Mercedes-Benz,ML550,2013-02-06 22:07:58,Invalid date,DWO-CH9OF,9MYXYRXP49W8ABT
14,Chrysler,Voyager,2012-01-06 07:48:20,Invalid date,CAP-OANDK,31OQGBUFHCYNCQR
15,Porsche,924,2012-05-21 17:36:32,Invalid date,MNC-V1I2X,12GUIKVEEEHPLP0
16,Merkur,Scorpio,2015-06-05 20:38:19,Invalid date,QZB-KSWY0,7RLDY6QOGWSNRIB
17,Jeep,Pickup,2017-09-28 06:42:50,Invalid date,KFL-OFQG9,MXYJHNJIWUVYWQB
18,Eagle,Medallion,2019-04-05 21:56:46,Invalid date,AQW-2FUSA,YC7GRVTKKHOD2DQ
19,RAM,4500,2012-03-26 09:03:54,Invalid date,JEH-O2QMZ,LEQZZ95QJS7T5UM
20,Saab,9-5,2014-09-03 10:39:59,Invalid date,AIP-EDDL8,V83BADKPIYJXCXH
21,Scion,tC,2019-11-19 21:07:41,Invalid date,UYW-SVCLQ,IRBZIK7MIR0EHSZ
22,Honda,CR-V,2014-06-06 03:42:16,Invalid date,VUD-ZLAGM,QLW4H6V1ZEXDZQE
23,Daewoo,Nubira,2014-12-01 23:17:48,Invalid date,BEO-CBLJ4,VCTLKVQLVWC3WLV
24,Ford,Contour,2012-10-17 23:02:12,Invalid date,YIF-GDHEF,E7KNAUCQJNLWIJI
25,Lincoln,Blackwood,2017-03-06 20:51:44,Invalid date,RLE-JGOWU,HAKYRJIXSPQ0U4M
26,Saab,9-7X,2018-10-31 00:52:28,Invalid date,WPF-AFKFO,3TVNM7YIHUUTMBD
27,Jaguar,XJ,2018-01-15 17:08:50,Invalid date,PGM-7NUFW,UFKXEHSK3KHLHUA
28,Geo,Spectrum,2013-08-28 01:36:33,Invalid date,BLJ-CVLJ5,LNQ2XSLXOXQ5TRQ
29,Infiniti,G35,2013-11-06 22:42:54,Invalid date,YFI-OKMPZ,FFDMNVH5BXXWXK1
30,Freightliner,Sprinter,2016-05-08 06:26:24,Invalid date,ETI-98NQX,I6KHW90HJOTCDEZ
31,Suzuki,XL7,2020-04-21 21:35:24,Invalid date,JKX-2BHTM,FSTQ8HTWKIXH2NV
32,Eagle,Vision,2012-10-06 21:47:19,Invalid date,MLZ-CCKIF,QK1BGVEASOP5LZU
33,Plymouth,Laser,2015-03-10 09:59:46,Invalid date,MGQ-EFJQW,D90GLDSOV4UYURE
34,Avanti,Sedan,2017-11-03 03:32:08,Invalid date,HYT-ZZGZR,QGOITP7RIL2GZSG
35,Yugo,GV,2018-07-12 02:38:47,Invalid date,RGU-LMQGF,UZ958GBO22YGXJO
36,Mercury,Villager,2018-05-22 14:17:33,Invalid date,KIS-IA536,CURC1VQI5EY6SUT
37,Suzuki,Aerio,2015-04-02 14:02:26,Invalid date,WBP-969XW,7APLGHYXVWBPGHI
38,Mitsubishi,Montero Sport,2018-03-15 23:09:12,Invalid date,LEB-ZQQKR,K7OPF11UDGMDBZZ
39,Mazda,RX-7,2019-10-27 19:59:22,Invalid date,FMM-RBO1T,MKHPYLCMXXVXAVT
40,Audi,S6,2018-05-18 10:12:18,Invalid date,IYF-IKOYD,9A6AXUIUPX0Q60Z
41,Mazda,MAZDA5,2013-06-29 22:55:21,Invalid date,SHG-L48XF,DOCL7NOIK19ETFV
42,Chrysler,Caravan,2019-07-14 23:17:52,Invalid date,UYG-OOLLA,CMDXBRTON5OHAIA
43,Chevrolet,Captiva Sport,2014-08-22 21:25:00,Invalid date,RHG-XQZGL,HYAUIAWACBYVBNT
44,Saturn,Outlook,2018-10-10 21:54:50,Invalid date,LVW-5GXK6,HPATZ7DHBXV8R4A
45,Maybach,57,2016-09-25 00:49:46,Invalid date,UQP-AICUU,VVQT7ZJHZMGDKVS
46,Peugeot,505,2014-07-11 03:40:15,Invalid date,UVC-WP23F,UBCKAROAMAIYW0N
47,Porsche,924,2017-10-16 15:29:20,Invalid date,UAA-JNP0M,0CQ6ZLTZFCJZPOS
48,Mitsubishi,3000GT,2020-02-17 17:57:24,Invalid date,QFU-TK2GI,Q3RGRN9EI6NAAXB
49,Pontiac,Phoenix,2015-01-21 23:55:14,Invalid date,DZG-CW74C,SZJ9SNZHSDDAADY
50,Volvo,V90,2019-07-03 10:44:33,Invalid date,MJL-0QDXB,DQ16UKH67LCAVZK
51,Saturn,SW1,2014-11-18 03:24:12,Invalid date,QJF-7JQ26,GAEBGSHXRAEVLLN
52,Lotus,Esprit,2016-07-19 22:04:55,Invalid date,HEB-4NG7L,AOVYM5YCRQWO6KE
53,Toyota,Venza,2014-12-06 02:20:50,Invalid date,CPR-9BMOT,KJ3XMV0ENPNTZ9N
54,Fisker,Karma,2012-05-27 17:45:22,Invalid date,TVZ-GZXSF,JQKLIXWCFWL4ZRD
55,Volvo,780,2017-03-27 11:18:12,Invalid date,NWV-FHJQU,BQLCXDFRFT16WSY
56,Suzuki,Vitara,2013-09-07 06:17:49,Invalid date,AVL-V8FDY,0CV7SH0NKNRIAPX
57,Mitsubishi,Montero,2014-07-02 03:07:20,Invalid date,BNB-DDOHH,URZAYWP5RQTSRTH
58,DeLorean,DMC-12,2017-09-25 15:52:44,Invalid date,UGY-TO5WO,MEY5JWD4CRBFZC6
59,Maybach,62,2017-04-05 02:59:14,Invalid date,GNA-AWZ54,KJQIN7RQ1H1PGLS
60,McLaren,MP4-12C,2016-12-03 19:18:15,Invalid date,CTR-SKVRE,MKOHJIJ0AJPYYNW
61,Scion,iQ,2013-04-02 01:34:30,Invalid date,TUN-M9ZPC,KJANALGUYDK015T
62,Volkswagen,Tiguan,2016-12-14 19:34:26,Invalid date,YGE-N4XG0,XTC7WQPJZP4BE5O
63,Chrysler,Crossfire,2019-09-06 20:45:07,Invalid date,HKK-HMB6O,EZHCQGTF7KBNR4Y
64,Plymouth,Conquest,2014-06-14 11:33:44,Invalid date,NKK-ANTR9,JHNZHYV0GANDWUO
65,Lexus,RX 400h,2015-01-23 20:48:33,Invalid date,CVJ-JFJL7,QIPGS4Q1ZG3NION
66,Jeep,Scrambler,2014-07-07 10:56:35,Invalid date,CGF-NC3XE,X9VXUWCFCBNIOHC
67,Cadillac,CTS,2020-05-05 08:32:41,Invalid date,PJB-JMZGP,YGIS8JLHFPWCMB4
68,Honda,Odyssey,2016-05-01 12:38:49,Invalid date,FOW-N2W2J,G0WIEOLEL8VSBEU
69,Sterling,827,2020-03-02 18:02:44,Invalid date,SBQ-IQUEZ,XMKMHJR9F1MVD7Y
70,Fisker,Karma,2015-07-03 05:04:06,Invalid date,SAL-UQIPE,Y9YYVGT0JHBIFHD
71,FIAT,Pininfarina Spider,2014-11-14 03:47:26,Invalid date,ESR-6RCLH,T07CJE8YCFVCA7I
72,Nissan,GT-R,2020-02-13 13:57:16,Invalid date,FXX-Q2OJT,NSYMJV6LKT609YO
73,GMC,Sierra C/K2500,2020-03-05 13:09:01,Invalid date,LSU-XNNJY,STDJVXQZ188UOBB
74,Toyota,Echo,2016-07-28 02:05:07,Invalid date,EOQ-2C0NL,WFMLLJ7JGBVMBDB
75,Merkur,Scorpio,2015-03-10 23:20:05,Invalid date,ROG-L6LJ8,FGWD4MF74HQS04O
76,Lancia,Beta,2020-09-28 17:23:18,Invalid date,YYH-XMUJ1,3TCG1CPN7WHQJ0A
77,Nissan,Pathfinder,2012-06-04 22:21:26,Invalid date,UJT-K2IFE,XZOUFZ5WSKJMFIZ
78,Fisker,Karma,2012-08-09 19:57:38,Invalid date,SXT-X0YWZ,9TKEYSPQIU9AQ8G
79,Chrysler,Voyager,2015-05-15 20:52:31,Invalid date,ITB-ITQE4,0IBASQWBJDABRRX
80,Mercury,Marauder,2012-07-23 08:29:26,Invalid date,TWM-NGY1C,6HLOLFNORVLAC3R
81,BMW,318iC,2017-06-08 19:17:03,Invalid date,SFQ-WYTDW,LYSQSCO4S14L9DP
82,Jeep,Wagoneer,2018-12-27 23:17:42,Invalid date,ZIF-QQU3C,WZBIWFAIPFF6KUH
83,Toyota,Van,2018-11-18 07:56:44,Invalid date,QKC-PCMP6,7GUS2V5KZPO8YVJ
84,Isuzu,Ascender,2012-11-27 21:20:32,Invalid date,HSQ-VQSMZ,PUGWAIAYUHWFMKC
85,Saab,900,2018-11-20 16:29:33,Invalid date,IYY-SW5HJ,2BHDHYVDTWJQPYU
86,Kia,Forte Koup,2012-02-24 06:17:17,Invalid date,ISD-LDWCX,SITSBHZ9ETMUVJK
87,Freightliner,Sprinter,2013-08-07 08:57:38,Invalid date,OPN-FUUY7,CHDXXMXTGFJPAWM
88,Jaguar,XF,2012-12-11 13:00:42,Invalid date,UJQ-I6SZS,OVPV8ZASHHG8YE8
89,Tesla,Roadster,2018-12-09 16:49:46,Invalid date,BDW-EN8ZE,TOYO1JSH162M9RS
90,Chevrolet,Express Van,2019-10-12 02:54:42,Invalid date,ZHD-GYI7V,WUBR4ZREKAKXLHW
91,Scion,xA,2012-03-05 15:12:54,Invalid date,NXT-DUE7Y,3DAPCH3FZVTEAIG
92,Isuzu,I-Mark,2016-10-27 14:50:11,Invalid date,JEL-KDU6R,CFWNMKKUQTFNWVS
93,Daewoo,Leganza,2012-07-12 17:30:20,Invalid date,WES-YSDCE,XNXBUAW6KTBDVKQ
94,Audi,80,2013-07-07 18:22:39,Invalid date,YSD-6YIJT,07J2EMJUHFXCR2G
95,Buick,Lucerne,2016-11-25 23:35:44,Invalid date,AIY-KGNQI,EHAXPOGMQBCNGE4
96,Dodge,Spirit,2013-01-08 10:18:56,Invalid date,ZVY-LVVEE,X5XBEKEXDI99HEZ
97,Dodge,Grand Caravan,2014-06-26 19:12:37,Invalid date,EHB-FPD7E,HUWN7OGLOAFNC1T
98,Acura,NSX,2016-12-24 20:53:19,Invalid date,KLV-M8B3E,XWN7K4XNG53NIOF
99,Mercury,Grand Marquis,2016-12-31 04:07:33,Invalid date,FMO-AZNQI,X7WLMMC0TBZRQNB
100,Mercury,Montego,2017-09-15 14:55:38,Invalid date,CNK-X4KTN,DTJYQFFERRT6MPU
101,Volkswagen,Eos,2014-12-10 21:18:50,Invalid date,PFE-BKX5X,USLZSFZ4L7WWTJM
102,Aston Martin,V12 Vantage,2013-08-05 00:27:16,Invalid date,OJR-FRCG7,FCBHXKS0HFSZ3DJ
103,smart,fortwo,2020-09-30 01:11:56,Invalid date,BNO-P9R7F,HBDBKWWCUI3OUNN
104,Ferrari,308 GTBI,2017-11-13 12:33:12,Invalid date,IMO-6RUUA,SC0JJNTTLB2MYRY
105,SRT,Viper,2020-06-01 23:16:41,Invalid date,RAS-A6QCZ,Y5AGB82QQFDTVP8
106,Chrysler,Voyager,2019-12-18 18:06:46,Invalid date,ALY-OT7Y8,BM7BHHJ5KRG9EBV
107,Toyota,Solara,2018-03-16 20:47:10,Invalid date,HFW-UZDSM,PUPJV4JLN6NCR2Z
108,Geo,Metro,2015-11-23 13:50:12,Invalid date,KCJ-LRTBW,AKPTSMGJBQHEQDQ
109,Saturn,SC1,2018-07-15 15:23:38,Invalid date,DWZ-MX9OB,YKFLECIJNNJTOFW
110,Isuzu,Impulse,2017-05-26 11:43:12,Invalid date,ORO-Y1W2W,WLU16CLJ8TYR8HL
111,Scion,xB,2015-08-15 11:15:13,Invalid date,FLX-GPXIC,GD7OF9UPRWCHRSX
112,Lotus,Elan,2015-07-14 04:19:39,Invalid date,HOJ-ELEHE,UXDNUOXNGCQIW4Y
113,Renault,18i,2020-03-08 13:34:09,Invalid date,IXM-FRJDC,ZO7LS5MBZUKPLJ5
114,SRT,Viper,2018-06-04 00:49:09,Invalid date,DKP-7NOBJ,J5NWUPO8NUFJWK7
115,Yugo,GV,2018-01-25 17:10:12,Invalid date,NZJ-JOABR,Z8L6Y2O9XSBTF0Z
116,Land Rover,Defender,2020-05-16 19:51:58,Invalid date,LJX-H8Z0C,PUCTPFODFXJYMGH
117,Maybach,57,2013-10-12 22:44:50,Invalid date,KKI-RJV0C,IGSISXNNUB9RAZ5
118,GMC,Sierra C/K2500,2020-04-26 13:01:11,Invalid date,HCT-WC2AR,XRBVLGNFNVHAEWW
119,Mitsubishi,Starion,2019-03-01 00:33:23,Invalid date,WPN-UFKER,OICLBJWAUM9UTO7
120,Toyota,Matrix,2016-05-23 00:19:09,Invalid date,CIO-Q2LCM,IZJERMUSLHTEGDR
121,Merkur,Scorpio,2019-04-15 02:46:21,Invalid date,HSY-HDYAC,6FRPLR5AGL7GCPZ
122,AMC,Alliance,2018-11-19 01:16:45,Invalid date,WMU-LJRF6,3RGXSQNXPQC5IJF
123,Buick,Park Avenue,2018-06-13 14:22:54,Invalid date,TTH-ARTMM,MHD27RDAWBFHT8V
124,SRT,Viper,2014-09-30 04:16:43,Invalid date,RIR-QDXAW,A0IHGQNJGXDQNYU
125,Aston Martin,DB9,2017-02-01 10:29:42,Invalid date,MNP-XBGHE,VHYWXLTJ4DDCBFN
126,Sterling,827,2016-03-23 15:24:12,Invalid date,HLF-OS4CX,JHS3Q9W9HCRGRUX
127,Jeep,Commander,2014-10-03 19:09:38,Invalid date,CYG-GRCEW,TBGB8W0W4E6PUJH
128,Renault,Le Car,2012-06-01 08:31:19,Invalid date,BSK-ANPFC,X9ZU6JKBD6YRTFO
129,Chevrolet,TrailBlazer,2019-08-19 13:33:25,Invalid date,PQH-WAV78,PQNZP5YSTSPGKLZ
130,Peugeot,504,2017-09-07 09:46:18,Invalid date,IQF-XDMAR,WVAPCZO92UCLE7C
131,Infiniti,QX4,2015-07-17 05:33:49,Invalid date,FAS-6OEV0,GOH95XXS9NQ1SFR
132,Infiniti,QX4,2019-03-07 16:53:20,Invalid date,ZWV-YFDAK,DAACIO0ZSJTIWJS
133,HUMMER,H3,2015-06-10 09:16:20,Invalid date,DAJ-X7XAQ,NPYXJ4RWPVQBVWH
134,Acura,3.2CL,2020-01-15 12:55:52,Invalid date,GDD-LDTMC,7ODBBWULI2Q611S
135,Land Rover,Range Rover Sport,2015-08-24 09:48:17,Invalid date,UES-LAEGW,EPLYBBWU3AZCIVY
136,Aston Martin,V12 Vantage,2016-10-22 01:47:38,Invalid date,GHT-Q0BPD,P7DLCALWE1O7XKB
137,Eagle,Premier,2017-01-19 07:18:38,Invalid date,ACN-CHHFG,INDAQLLZZOCKCFM
138,Saab,900,2019-02-19 02:55:44,Invalid date,QCT-3QZE8,TBDYAH2NHTXAY2H
139,Peugeot,604,2018-12-23 23:47:45,Invalid date,YFJ-WNZUT,OZRBJOYHXDJ0MK7
140,HUMMER,H1,2019-09-01 20:03:28,Invalid date,AOW-FGOMV,EG9AAU6WJXTILKX
141,Eagle,Talon,2014-07-13 16:03:08,Invalid date,YYU-CGOHI,AZ69O2RP5T85I1M
142,Daewoo,Leganza,2013-06-09 09:31:41,Invalid date,ZSL-UHILU,XSXLDAXVUPGKISV
143,Mercury,Zephyr,2020-04-28 03:16:22,Invalid date,CBS-YFKMC,GK5PTJOTQSMRT30
144,Tesla,Model S,2013-02-22 17:10:45,Invalid date,HEK-F6FWQ,SPNLYOMK9K9QCCP
145,Mercedes-Benz,560SEL,2013-04-30 16:39:25,Invalid date,WKZ-TRONX,ULKOEEY7WYEYJEE
146,Oldsmobile,Cutlass Calais,2013-09-19 15:00:59,Invalid date,WDS-SQ0VD,5WVSP3IF4ZOVBME
147,Maybach,57,2016-04-20 11:58:50,Invalid date,SSE-9ZZKG,GJNJHOF3LWSOX5F
148,Buick,Skyhawk,2016-08-20 01:46:44,Invalid date,CVV-MSYTC,C0EUBCHKWYXJJW5
149,Maserati,Coupe,2012-06-14 09:47:02,Invalid date,JAT-KSZUC,YQIN7DWUHXXJPU3
150,Oldsmobile,Cutlass,2020-09-20 00:05:57,Invalid date,LQS-IQGUS,BX27UDECYHPAKR8
151,BMW,L6,2015-09-10 15:44:17,Invalid date,IQA-6B3N4,VEFN7IF1W0YTPDY
152,Chrysler,Conquest,2012-07-04 07:15:55,Invalid date,FTQ-MCKI1,SB87JDYAUUKEXLH
153,Avanti,Sedan,2017-05-26 21:42:32,Invalid date,NNC-PASH5,68ZL3F6XYVDSUY5
154,BMW,330xi,2013-07-10 18:30:09,Invalid date,RJA-DY2E1,BVYYMRN0WOJBVBN
155,Renault,Fuego,2013-07-22 19:07:01,Invalid date,OSF-YZURK,KRL6MMM3WCU7AVU
156,FIAT,Brava,2018-08-06 05:21:44,Invalid date,YZS-BU5KW,NRCYFVZ3VO3UXR7
157,Volkswagen,Passat,2016-10-27 14:41:26,Invalid date,MHE-PPLMC,14ZMAGTK0U9JZGF
158,Saturn,Vue,2019-09-25 17:25:17,Invalid date,CQP-F2G10,4AMUCJBRMHROOTX
159,Alfa Romeo,Milano,2013-01-23 23:01:51,Invalid date,XRR-SS2XO,VWRPKKPMGQGUSET
160,Chevrolet,Lumina,2020-08-29 15:55:46,Invalid date,MFM-852PQ,KTOIXBKEK6WPAFK
161,Mitsubishi,Expo,2013-07-09 11:29:58,Invalid date,CET-A4YYI,EGMIHH5PBGFPLAR
162,Ford,Five Hundred,2016-01-24 00:51:41,Invalid date,AYB-IOPBJ,YSM4131QQ2WRL3U
163,smart,fortwo,2020-07-27 19:24:33,Invalid date,AYP-B72M1,1NSEXCUZNXSZURQ
164,Rolls-Royce,Park Ward,2019-08-19 17:17:46,Invalid date,SVZ-PGRWN,EYOCLURPAYBLF8V
165,Lancia,Beta,2016-02-16 12:18:47,Invalid date,KBQ-WOCTP,04HDZ8DOXZHRXUU
166,Mercury,Mountaineer,2013-02-17 20:42:13,Invalid date,YCV-ARIQW,YJY0Z15IYWZXK0B
167,BMW,ActiveHybrid 7,2016-06-30 02:17:32,Invalid date,GMJ-NVNKG,JYTHM1F34VSTAHV
168,Jaguar,XJS,2015-06-19 07:08:17,Invalid date,RUY-SXWLP,EYOCKYRKLTNQLIO
169,Kia,Rio,2018-12-29 14:21:56,Invalid date,XVS-NILWN,E92MUEYZLIDZHY5
170,DeLorean,DMC-12,2013-10-01 18:33:12,Invalid date,NLE-LTURX,PM2ITLWZYBI5F5K
171,SRT,Viper,2018-05-16 04:16:53,Invalid date,LZR-Y4YKO,IAPHBPXRTFRVSIU
172,Mercury,Grand Marquis,2017-09-30 12:46:25,Invalid date,BGN-PDEPV,UHTAOBUIVKGUBEJ
173,Freightliner,Sprinter,2019-12-01 00:46:26,Invalid date,PPQ-UGGVQ,AYNLHKKALSPURXU
174,Chevrolet,Uplander,2015-12-30 20:04:55,Invalid date,RYG-3VGVA,SOGXGVOR2CUL7FE
175,Maserati,Spyder,2019-07-24 19:01:31,Invalid date,BJH-KXRAF,N9IFY4GLXQB7KW0
176,Infiniti,FX50,2013-07-13 23:32:55,Invalid date,WBL-Q7MBW,CII3STXP7V49PME
177,RAM,1500,2020-06-12 04:39:56,Invalid date,SDG-CHWPN,RYNFDUCUWMO3F5L
178,Lincoln,Town Car,2014-03-15 10:19:53,Invalid date,WHY-QFTVD,I3PS7J4PRZJOKRO
179,Tesla,Roadster,2017-06-24 19:50:36,Invalid date,EOJ-VEKGS,EE7RMB5JOZ4328B
180,Tesla,Model S,2020-09-26 16:55:11,Invalid date,IKB-XFVGJ,9M2M1LF6KNJBLIY
181,Renault,Fuego,2014-06-17 12:41:41,Invalid date,IBH-AXMVE,IDA97EHBE3HZKX6
182,Buick,Riviera,2014-08-18 20:12:49,Invalid date,GLA-PZCDF,CWDJKR5SIBRQOJQ
183,Subaru,Brat,2015-08-26 07:19:14,Invalid date,BXH-RBO2D,QWDOY6NZXI0SO1X
184,Saturn,Vue,2020-08-26 21:05:16,Invalid date,JFJ-A9JEQ,H5VLNTPX17BSWO7
185,Saab,9000,2014-06-20 02:51:07,Invalid date,QNS-LD9XW,YBDARNL282ALY4A
186,RAM,1500,2017-09-05 12:01:44,Invalid date,WFI-KKEFS,QPFVRVTFMSZPYML
187,Hyundai,Santa Fe,2016-11-08 21:53:11,Invalid date,FYE-GYYEM,3NYPUQ1JHYIMCFU
188,Maybach,62,2019-10-08 12:48:14,Invalid date,WQW-A0SAY,OSG73YSWH3BUIIJ
189,Hyundai,XG300,2018-10-01 09:51:08,Invalid date,SYC-OOGS6,6W6RSTIQKIXPYO4
190,SRT,Viper,2016-09-16 19:33:24,Invalid date,ROB-SLRBP,OX0WN05SIC0KZZO
191,Alfa Romeo,8C Competizione,2018-08-28 09:06:22,Invalid date,FEF-4HJML,XV5MJTBW6G3H6YQ
192,Mazda,MAZDA2,2018-04-14 04:12:58,Invalid date,GEX-RABZE,GJXNFDPUDHLZLBM
193,Saab,9000,2012-10-07 03:40:54,Invalid date,IDN-I3OFI,ZXYUF26QNOCJ1PI
194,Oldsmobile,Aurora,2014-12-19 10:35:00,Invalid date,DMU-JTAER,DIH75BQPTRET7TF
195,Eagle,Talon,2014-09-29 06:36:07,Invalid date,JBO-RFPZA,UBURCLIVNMLEI5W
196,Datsun,720,2012-07-07 08:49:20,Invalid date,SXO-96NN5,X7K2XNUW6GGB7MW
197,McLaren,MP4-12C,2014-05-22 02:27:28,Invalid date,KTL-I0GKJ,VLN858RCZI9U6Q3
198,Peugeot,505,2013-03-24 02:16:35,Invalid date,LVL-CMAND,IRY15AYPODYLGI0
199,Lancia,Zagato,2014-03-02 06:40:30,Invalid date,JXJ-9IARJ,6CUQ03U4UAQ3FV1
200,Buick,Lucerne,2016-09-29 02:43:14,Invalid date,DSP-OMUKO,W97CWYGSZTZWWIJ
201,McLaren,MP4-12C,2018-01-23 12:07:03,Invalid date,PAO-GW39N,UXATPIDE4AKUCRG
202,AMC,Eagle,2012-08-29 20:18:06,Invalid date,YAV-MSJJ3,QMVCMNVLOQ5GUD9
203,Sterling,825,2018-02-23 15:31:47,Invalid date,EBG-VR2WG,JYBKM3OSZKDWYUM
204,McLaren,MP4-12C,2015-08-07 02:43:31,Invalid date,TAT-CXDT1,TBKWRIULKKCL7P1
205,FIAT,Pininfarina Spider,2012-08-24 09:25:42,Invalid date,KMW-EFVR7,W0IOL4IJLO6YMHJ
206,Kia,Rondo,2013-02-27 03:17:46,Invalid date,KEZ-8YJWP,XY7NVKXUTAVEFZK
207,Lincoln,Mark LT,2017-08-20 06:28:38,Invalid date,MKA-XZJRE,LHNR8GPWKMMONTI
208,Saab,9-3,2015-07-08 16:38:42,Invalid date,KVP-JXIYA,HEFQS5LMDCVPTQ7
209,Fisker,Karma,2020-05-29 17:42:06,Invalid date,VXT-XLCHL,JJHYXPYNSJILMAE
210,Maserati,Quattroporte,2016-07-16 09:03:13,Invalid date,ZNY-2SUDS,VW3O5UCA7OA1IKU
211,Ferrari,599 GTO,2015-09-03 05:37:48,Invalid date,CBN-DUMCY,F7UZ4SONOGRDIHB
212,AMC,Eagle,2015-05-04 00:25:11,Invalid date,EXU-97LSP,MGVYDNK9DJVERK6
213,DeLorean,DMC-12,2012-07-14 06:53:18,Invalid date,WYG-IB1TM,3NFX28MXNPBSRFW
214,Lincoln,Mark VIII,2015-10-18 11:40:27,Invalid date,YEH-GTDRB,AR5ZQ1FUEYNM0NG
215,McLaren,MP4-12C,2019-01-28 17:49:44,Invalid date,DDQ-ZOWBP,BMVSY2MOXRDQLYP
216,Pontiac,Bonneville,2015-08-19 14:21:36,Invalid date,ZMQ-UATJS,UPJ6LOZHZJKZBEU
217,smart,fortwo,2018-05-11 11:31:50,Invalid date,NKA-ZRDQI,WCEGUUEO4J67HIM
218,Fisker,Karma,2015-08-25 01:05:00,Invalid date,KWM-LPVSA,QUTVN1FA0UPLBFM
219,Plymouth,Caravelle,2013-11-27 05:08:48,Invalid date,YIL-XLA6Q,NAV7LN3JSDTUVD9
220,Jaguar,XJR,2013-08-15 23:12:22,Invalid date,UGX-WXNF7,Z4AM31YFVETEB0Z
221,Peugeot,405,2016-08-08 20:47:17,Invalid date,QWF-EBPCC,TIKEMSDGCUFYSP2
222,AMC,Eagle,2017-12-16 00:49:39,Invalid date,VLV-C4AVA,2ZNPBUUL6XNSQLB
223,Hyundai,Excel,2014-10-06 07:01:07,Invalid date,DMW-BHVID,9A34AG2VM5RDKOC
224,Aston Martin,DBS,2014-04-19 21:57:12,Invalid date,VVS-EXCFT,ZB0GCFO6B1GF3OQ
225,Porsche,911,2014-03-24 04:27:30,Invalid date,GTI-95NYS,RAVLJETINJEBFKY
226,Honda,CR-Z,2013-02-18 09:44:11,Invalid date,NBN-7SEQH,WLHPWXQ2AJVLQLN
227,Rolls-Royce,Camargue,2016-09-12 07:52:21,Invalid date,SXJ-9JD9Q,C7D0UDD8ABCLQWE
228,Datsun,510,2018-03-05 16:21:51,Invalid date,PSN-CRLZD,HHMOULCODUKFYFT
229,Audi,5000,2017-01-29 14:30:34,Invalid date,BND-HEOGG,4BVXOILMIUWWCGA
230,Scion,iQ,2013-04-20 18:55:18,Invalid date,GKW-LUSSZ,7JBFM0ITF7NUOXD
231,Lamborghini,Gallardo,2016-04-16 07:22:36,Invalid date,TRG-5SH6F,EUF5HU2Q0K78MJU
232,Ferrari,348 GTS,2013-02-02 14:50:32,Invalid date,CNW-AX3JT,USIAAPMTDKPMIOA
233,Rolls-Royce,Silver Dawn,2020-11-13 04:27:40,Invalid date,KWF-DMV5P,YTLN2O6BRPKTF8A
234,Mercedes-Benz,SLK300,2016-01-09 19:18:08,Invalid date,KAS-9UZO7,UCIRLMBVJPLCYXP
235,Nissan,Armada,2014-01-16 17:13:30,Invalid date,AOR-58PW0,XCEHAHS5FKAWLRI
236,Infiniti,M35h,2012-04-13 14:42:14,Invalid date,NLG-USTOG,LBGGNP0S8IACXL4
237,RAM,4500,2013-10-26 06:11:10,Invalid date,LSG-CMANP,1L7DQSB77753RUG
238,Porsche,Boxster,2012-07-17 18:40:31,Invalid date,GHB-LIZF4,XV1PFNYUOPENYS4
239,Ford,Escape,2015-12-14 14:21:10,Invalid date,HZI-BZZBS,KLLEWZQTT3YVCJW
240,Scion,xA,2013-11-24 15:57:57,Invalid date,KJB-SKDAL,ZGK7OJHCIJKHQ5I
241,Datsun,720,2020-03-06 18:35:27,Invalid date,XQK-Q7UET,O9QFBUIQ9CMHVMH
242,Sterling,825,2015-02-27 12:22:39,Invalid date,NVC-WQEM6,JPXDVD41PCFVM4F
243,Acura,2.5TL,2020-01-26 05:03:01,Invalid date,CIP-HW5MP,LPWKKF2DMSHANDH
244,Daewoo,Lanos,2018-11-21 08:03:22,Invalid date,CXB-FLPHR,IKQPFHSD50DIL6G
245,Datsun,720,2018-09-18 08:25:52,Invalid date,SDB-JWSUX,JKOQ7H8AXSGB4GE
246,Plymouth,Caravelle,2019-12-27 04:46:44,Invalid date,IXN-HPSOV,0UR4CQ7NATYVDOX
247,Porsche,924,2016-10-04 06:12:31,Invalid date,MBH-3G5PX,OS36CSC2Q7BMMDX
248,GMC,Terrain,2016-04-26 07:40:19,Invalid date,RNI-P6DIT,J0VDDFEGSEGQKTX
249,Lexus,RX 400h,2020-01-04 10:46:41,Invalid date,HMF-NLSM8,ZCWATBIB7TRETWZ
250,Nissan,Van,2012-08-18 15:46:29,Invalid date,ZJQ-X69HW,OHTLVEIUIKA6VOE
251,Hyundai,Accent,2015-06-29 15:11:19,Invalid date,QVR-IJLDT,GDGRG6OEWSV7DUL
252,Pontiac,1000,2013-12-31 22:09:43,Invalid date,SRY-WCBOA,UOXWAZ8BYYSIYQN
253,Acura,3.0CL,2012-03-13 11:48:27,Invalid date,EKV-UKZPA,8AIP7TWUAXBOYWU
254,Triumph,TR7,2019-03-27 22:07:05,Invalid date,RTJ-GKIYP,XBH7IEDVRQRSTF2
255,Isuzu,Impulse,2015-08-29 23:34:46,Invalid date,BXF-IPM4D,AYX114FEKJYZ1YZ
256,Mercedes-Benz,S500,2019-03-30 00:02:16,Invalid date,ANH-ZF4YZ,D7R0OULVO1NCMLP
257,Suzuki,Verona,2013-05-01 08:00:57,Invalid date,TJO-OB042,RDIMA3XMURYPAI5
258,Bentley,Corniche,2016-09-24 15:20:16,Invalid date,FZE-CSJ3H,RG4VHD5C7SRKRDF
259,Merkur,Scorpio,2013-03-22 14:43:44,Invalid date,JCQ-ME0KT,MLYBGE5DDBVUGHQ
260,Geo,Storm,2013-04-06 19:53:50,Invalid date,IZA-H1CRO,VOOK86UJALN0HJW
261,DeLorean,DMC-12,2012-01-30 22:30:51,Invalid date,VMX-YJGDL,ZZ35IKANHNGNSXV
262,Mercury,Monterey,2020-01-15 12:46:29,Invalid date,JJH-KCXDJ,SXOB9WIIKAJT79W
263,Renault,Le Car,2013-12-06 04:36:28,Invalid date,VMH-BGDT8,8PGV4TL9YBKVOQO
264,Alfa Romeo,8C Competizione,2017-03-17 16:13:43,Invalid date,LWP-NCQSC,ZNAQJSMYY3LPFJ3
265,SRT,Viper,2012-07-27 23:28:21,Invalid date,RJM-GZQ3S,KBEGGQAHOMD2DRD
266,HUMMER,H2,2015-04-05 07:37:13,Invalid date,RIU-E1BCG,M1ANBUWWUGXIXBW
267,Lexus,HS 250h,2020-07-23 22:55:10,Invalid date,RCX-IKJJI,5VJASISAWRR7YWH
268,Toyota,Prius V,2017-10-14 08:03:30,Invalid date,TWL-SVBQC,IIGJCGLVTGPZES6
269,Land Rover,Range Rover,2020-05-23 00:03:07,Invalid date,GZQ-U1U9E,HITBILE0VFXIJD5
270,Sterling,827,2017-01-05 10:01:49,Invalid date,YBO-KKXRL,UXYP6HCVDBWWA8P
271,Peugeot,504,2016-10-22 14:46:55,Invalid date,CHL-VQ39R,F2BCYOLQ2KTOWQX
272,Kia,Amanti,2018-01-03 03:15:22,Invalid date,GDF-DRH8C,03POVOG0LTYHEMB
273,Sterling,825,2014-09-25 04:15:45,Invalid date,ZUC-LBGSA,XBWK0EHCZYE0L40
274,BMW,325e,2020-02-28 05:25:15,Invalid date,WDN-W0KB7,N7B2OEKYF5NI5XQ
275,Chevrolet,Venture,2014-03-28 20:20:11,Invalid date,CLQ-QMVLR,EA7YLBC6RHXUUYV
276,Lamborghini,Aventador,2020-10-17 07:49:20,Invalid date,NTU-X9ZAS,QUMENWO5S7UEXNP
277,Oldsmobile,Silhouette,2015-12-09 04:30:09,Invalid date,VRJ-E68SW,VEQNATIH0NJFIPK
278,Daewoo,Nubira,2014-10-15 06:09:09,Invalid date,UHT-1ABD3,NEAYKQZTCXXVKXR
279,Pontiac,Sunfire,2014-12-29 15:18:11,Invalid date,YDE-0EKZX,K6IG04BWHAXOWKB
280,AMC,Alliance,2013-06-25 17:00:14,Invalid date,LRU-UM3LX,LA1N3VLF8SOXVBB
281,Alfa Romeo,164,2014-05-08 06:29:13,Invalid date,ZUQ-LSE16,TBZQ3YDT17R0O0Q
282,SRT,Viper,2015-07-17 05:34:34,Invalid date,ZFK-BLEPX,OW2NW1S8KUBTHTQ
283,Land Rover,Range Rover Evoque,2014-01-04 02:46:21,Invalid date,PCU-CXPWC,GAMPCTBDRDJJHKE
284,Audi,R8,2013-10-16 17:11:46,Invalid date,IOK-VK6ZU,7JPUAUQQAUNLIWW
285,Yugo,GVL,2016-12-22 16:35:54,Invalid date,ANR-Z1S1Q,OKEFU74CTIMWJX2
286,Mercury,Grand Marquis,2016-12-03 03:33:10,Invalid date,DAW-8XIWF,8DCCFVZ63YW55L8
287,Mercedes-Benz,SL320,2013-12-07 22:28:53,Invalid date,KSD-61RJT,MERX3M1IOARITWV
288,Daihatsu,Rocky,2017-02-19 04:31:16,Invalid date,VZB-HNJOF,SLDWJ21N06QKY04
289,Lancia,Zagato,2015-11-24 06:53:30,Invalid date,ADR-SI6NG,QC6Z6IZKWK6Y8T7
290,Geo,Tracker,2018-01-19 12:55:45,Invalid date,YXP-Q2TPO,JOC2TJOIWCPHIOV
291,Saturn,Astra,2013-05-27 05:48:29,Invalid date,NRD-IU1HD,9LJ03YZYPG9EWSQ
292,HUMMER,H3,2020-10-12 05:30:43,Invalid date,NPO-DGG2L,ZHWIDZWOI6TMZLW
293,Renault,Fuego,2017-01-31 11:59:49,Invalid date,LJM-7LFSD,QAQ8NRRHE3MGULS
294,Lancia,Beta,2012-05-22 02:44:19,Invalid date,CTN-JG7DR,1LLR6QB0QLYZM0Z
295,Bentley,Azure,2019-02-10 23:12:49,Invalid date,SZO-XIQ7P,77ZXTSMB9ZNMASN
296,AMC,Concord,2019-01-22 12:25:38,Invalid date,XHC-4S5DA,O5VVLMTTZOENRHB
297,Mitsubishi,Endeavor,2017-10-28 01:59:09,Invalid date,XRK-FNFKL,MAB2PN5AZN6PBIO
298,Maserati,Coupe,2012-03-13 17:26:06,Invalid date,JKV-WV6PU,BL6JFV2G9A7O4DI
299,Renault,Sportwagon,2012-06-25 17:56:46,Invalid date,TJX-6JOL9,ERIOZCMVRHINM7Y
300,Freightliner,Sprinter,2016-02-06 17:52:06,Invalid date,PAE-CHYXC,PUP4N8PLPMLBDG3
301,Rolls-Royce,Camargue,2013-08-17 18:03:13,Invalid date,XSC-8YDEK,QVMWWVJTYNZDB8K
302,Triumph,TR8,2012-09-07 12:37:46,Invalid date,XQB-BSCYB,FWJ2YM4X92W3XGD
303,Fisker,Karma,2019-03-07 07:11:16,Invalid date,MYS-SAG99,7GRXMJXPPBJKU7Z
304,Rolls-Royce,Camargue,2014-01-07 13:21:30,Invalid date,ZYE-0T9BJ,IXWP3V2S8RHZIS6
305,Nissan,Cube,2019-02-05 18:04:48,Invalid date,XKE-HFROF,MULMGPIXEIBBC4T
306,Subaru,XV Crosstrek,2020-01-29 04:52:17,Invalid date,ACW-K1NMJ,JWFZP1NWYRZWNEG
307,Alfa Romeo,Milano,2019-07-26 22:50:49,Invalid date,DCA-M8ETO,OEN1SPGNNJYDBZ4
308,Infiniti,M37,2017-02-14 02:30:00,Invalid date,WFH-HCMQA,A2V8UGOGG2RRWUQ
309,DeLorean,DMC-12,2012-04-10 11:32:50,Invalid date,HYS-PVNXA,FVT9C4VJOZH1XFP
310,Jeep,CJ,2012-07-02 20:10:43,Invalid date,BYQ-SGMGV,NESBUSZKXJBABXD
311,Alfa Romeo,GTV-6,2020-01-30 06:52:25,Invalid date,OZB-3CHFX,KFIGYRXXHBYMHIB
312,Subaru,BRZ,2020-08-16 09:04:34,Invalid date,ZTM-N1UCL,QCPSSUTFDDCWBMO
313,Maybach,62,2016-01-13 15:41:49,Invalid date,ERE-QI9YX,0XBUWOLUDFPKSBV
314,Plymouth,Scamp,2012-03-18 14:34:51,Invalid date,VLE-OVBLR,SG3KZCV4F7LGX5Y
315,Acura,NSX,2013-09-18 04:32:07,Invalid date,KQO-5PS1J,XUQT53YPJPYVYE1
316,Nissan,Rogue,2020-04-10 09:52:58,Invalid date,ASF-5ENAH,M5P6M2YTINPXCAI
317,Aston Martin,DBS,2017-08-05 17:04:54,Invalid date,KFN-YO0UY,XZJZZE1M2HUSGYS
318,Mercedes-Benz,380SLC,2015-01-04 08:02:25,Invalid date,KVD-CJNXT,JJ2KP5KWGJQF4PG
319,Lamborghini,Aventador,2013-01-11 14:39:37,Invalid date,RHT-WEJJV,6UNYNOM7SG9EBWD
320,Land Rover,LR2,2019-04-16 05:03:59,Invalid date,EMW-4NT0U,JZX0S2DAEBCYHSM
321,Lancia,Zagato,2013-11-20 11:09:46,Invalid date,JOA-KFQZ1,QTEQCVGNTVHXOEQ
322,Eagle,Vision,2016-03-06 15:42:26,Invalid date,EOY-CKNNP,IFFEF6RURZRNU5R
323,Lotus,Elise,2018-04-18 18:30:07,Invalid date,VTL-MVT2X,YEUDKD4TBIIGITA
324,Volkswagen,Fox,2017-05-12 05:35:17,Invalid date,VAI-EQJ5E,34Y95HHNAR3XKIS
325,Pontiac,Grand Am,2014-11-07 11:03:28,Invalid date,EHO-DS4TV,O7SBY74KNQFIP9D
326,Infiniti,QX4,2018-12-30 22:16:32,Invalid date,HAK-KRJIG,OCVGEVRQBJDPP8W
327,Sterling,825,2012-09-13 19:55:35,Invalid date,YHR-UCGJK,JV7LHEFJPJELYBS
328,Daihatsu,Rocky,2019-09-18 00:24:04,Invalid date,VAZ-DYF4K,59ZLTQE2SKVHAAM
329,Jeep,Liberty,2020-07-12 03:29:24,Invalid date,MWR-OVCP8,TC9QERNUALKOCZV
330,smart,fortwo,2016-11-30 15:28:31,Invalid date,YWR-JUTUK,JQVOOE1TT5PU6UA
331,Lincoln,Mark VI,2017-07-01 23:30:06,Invalid date,ROM-SVS2X,DE8JEBI3MQ1ZM4T
332,Dodge,Caliber,2015-01-29 17:46:13,Invalid date,TAD-9L0CA,VJL8IVIAYQZW3TP
333,Plymouth,Neon,2018-03-20 10:57:52,Invalid date,NOW-CVCH6,42MCCSRYLY2FUVK
334,BMW,540i,2012-09-02 09:23:15,Invalid date,FTV-ALFKB,3KVOLYPQ4OVSQXN
335,Renault,Fuego,2019-06-05 23:52:53,Invalid date,JGR-ATMWC,FZWQEKAHD4YNO8J
336,Cadillac,Cimarron,2013-10-18 15:42:23,Invalid date,YVD-B49UO,HZOSZ0L6QSODWB2
337,Pontiac,Trans Sport,2020-06-10 14:38:01,Invalid date,QNY-QRG9Y,2NLTV6FIBBHQWU7
338,Alfa Romeo,Milano,2013-09-11 12:17:15,Invalid date,HIB-NHS71,YCFRKS7KEIOJPNU
339,Chrysler,Laser,2016-03-07 11:29:29,Invalid date,OMY-QGN5W,90BTH9YBQFDTS2U
340,Ford,Ranger,2019-05-07 13:09:00,Invalid date,LZF-I0SED,DH27UVQQ0TRAR5L
341,Fisker,Karma,2017-07-21 15:11:12,Invalid date,PFB-VWHJX,WCWUJN49WWOWASU
342,GMC,Suburban,2012-12-02 17:59:49,Invalid date,WDU-Y5IOQ,7FZEEQDFT5VG6FR
343,Subaru,Outback,2019-10-07 04:36:38,Invalid date,SLJ-QP9WR,6SFOAEVAL7QAR1I
344,Suzuki,Grand Vitara,2015-09-01 02:46:11,Invalid date,YIK-4X5GF,M04UD4SOXVGOMUP
345,Datsun,280ZX,2020-11-13 02:18:47,Invalid date,APR-GN5TD,MNRDDIF6RT0YAOW
346,GMC,S15 Pickup,2019-06-20 23:58:22,Invalid date,YZA-FPERB,NPGCEML7C0OYYVX
347,Merkur,XR4Ti,2019-06-18 02:07:13,Invalid date,KAE-J0IYZ,CAJS2FUP3HPYRIW
348,Alfa Romeo,GTV-6,2017-03-23 18:53:38,Invalid date,RBR-HFNQA,DIQEDBOKEJNOSGV
349,Buick,Century,2017-05-22 04:01:46,Invalid date,WSE-3WS2O,CQVPGTQSE1LFR6P
350,Porsche,Boxster,2018-04-29 12:48:36,Invalid date,MJB-KAO4X,SZ5IPWUXSQONUBU
351,Mazda,626,2020-05-16 19:51:25,Invalid date,CIK-XKLTK,4A7MRZANWNHUILC
352,Daihatsu,Charade,2012-03-08 16:26:22,Invalid date,LIX-HIWFG,JGLRDE7FMF1LANA
353,Bentley,Corniche,2020-04-12 15:35:00,Invalid date,KAP-QO997,LM6JBYDBHUDGBGY
354,BMW,1 Series M,2017-06-24 11:03:38,Invalid date,ETN-6ZFSG,AAX0KECNU2LQQLC
355,Mitsubishi,Outlander Sport,2017-06-13 12:21:45,Invalid date,ZTK-50DKI,ODTWBXFICQ7KV3Q
356,Volkswagen,Vanagon,2018-05-18 01:21:35,Invalid date,EPA-WHS05,BF9QSIKCIAOMV9T
357,Porsche,Carrera GT,2020-04-10 06:17:03,Invalid date,YHG-ETIY9,Z45FHXZARZFBRTY
358,FIAT,2000 Spider,2017-02-10 00:33:48,Invalid date,JOH-MEAU2,SYI8H3CHEED4N8K
359,Mitsubishi,Outlander,2017-01-24 17:15:25,Invalid date,YUI-XKNQE,GFFPCMWXTIMTAW4
360,Aston Martin,Virage,2016-07-14 01:11:50,Invalid date,OHI-0DHO2,XTR5MQK8LAGUPXK
361,Land Rover,Range Rover,2017-01-13 02:51:38,Invalid date,PPW-TFSXH,0LI0NT8QV5AME4Z
362,Alfa Romeo,Milano,2017-10-06 22:12:25,Invalid date,EMB-SE1MC,4VOYQULW2ANSSUC
363,Dodge,Spirit,2013-09-08 20:20:59,Invalid date,CJZ-VSAKE,MZI2HYCPJMHD43E
364,Buick,Skylark,2014-09-04 08:15:15,Invalid date,PNI-RYSBC,WYMTYOV6PSJ3HSL
365,Tesla,Roadster,2012-04-30 19:42:06,Invalid date,HDM-TDJGV,MO8ZNGK0UN7ZS1X
366,Ferrari,F40,2013-08-08 10:16:11,Invalid date,CIX-Q1ZBV,0MWDBDKHHBFT5Y1
367,Geo,Metro,2014-03-29 01:18:44,Invalid date,SCW-SVJVP,GBGQDADYF7FJWGG
368,Porsche,911,2020-04-11 04:39:38,Invalid date,JQT-KBKR3,VMUIBRVK1WKZK4X
369,Oldsmobile,Intrigue,2019-10-04 04:54:33,Invalid date,XTG-MRKI6,LXYAFKMFZELCEVB
370,Jeep,Grand Cherokee,2014-04-21 12:30:59,Invalid date,XND-DG9RL,H3FTIPSG6EX2UAU
371,Jaguar,XF,2019-09-23 06:04:07,Invalid date,ANB-NIPZU,86RT4G4HEBKBLCN
372,Pontiac,Safari,2017-05-16 01:47:34,Invalid date,RBW-QDPLX,6JHMEHQYXOGREZM
373,Infiniti,FX37,2014-01-20 16:23:30,Invalid date,JCG-U66JQ,DKXIOPWN5U7F6BH
374,Isuzu,i-290,2013-05-14 08:01:49,Invalid date,NJG-DCEW5,XFNWB42TZ3ULQ3V
375,HUMMER,H1,2013-08-24 01:46:01,Invalid date,JER-OAH1I,RYXFOOK4ELVVWIC
376,Lexus,IS 350C,2013-05-29 03:44:53,Invalid date,URL-IGHPO,AXBPX9UJUPMT1UQ
377,Land Rover,Range Rover Sport,2013-07-03 13:42:10,Invalid date,GMA-VQXF6,NY5ZH3QVZU9YQ5S
378,Toyota,Previa,2015-07-05 07:23:20,Invalid date,OMH-VJYWJ,PWHKWODDPHUGQ1H
379,Chrysler,New Yorker,2016-07-23 23:47:54,Invalid date,POB-EUK0E,HMS6Y1SBJUA6AUE
380,Hyundai,Genesis Coupe,2017-02-14 21:10:57,Invalid date,WBJ-6OWF2,8ODAKAYB5RRZP88
381,Renault,18i,2016-04-03 04:33:44,Invalid date,IAP-I6TW1,4LXZTG8LEOHQC2Q
382,Volkswagen,Eurovan,2018-03-23 06:18:50,Invalid date,BYZ-WCORQ,EZSYA2L1UPJHNS1
383,Geo,Spectrum,2015-08-13 16:29:45,Invalid date,VOL-J0R2X,48S8L96HLPOZARM
384,Fisker,Karma,2015-10-16 01:38:26,Invalid date,QRH-9B9WR,YVJVIRLMPPRD8R8
385,Cadillac,CTS,2018-05-07 02:55:12,Invalid date,OGN-EJHSN,FF1PD0CGJ2TUGCM
386,Alfa Romeo,164,2017-08-12 20:57:04,Invalid date,NOE-RNYXN,ZL6QASMOH5I9RMY
387,Oldsmobile,Intrigue,2012-09-28 03:26:53,Invalid date,KGX-YTBHT,06KYEN36GKC9P42
388,Yugo,GVC,2014-08-22 03:30:13,Invalid date,KRS-LYQCE,V5S2AITKYWSN3HR
389,GMC,Syclone,2018-03-14 14:34:10,Invalid date,GRG-FI6IY,BC0BTWFUIGJB4NC
390,Cadillac,Escalade ESV,2015-08-29 12:40:30,Invalid date,BJY-X2R8H,TEKK3RMDYYQOTX0
391,Kia,Sorento,2012-11-09 23:58:05,Invalid date,EMI-IEPRJ,ICDTJHLYE3ZNGW4
392,Bentley,Continental,2019-04-19 22:02:47,Invalid date,BCO-PJ6NM,JJCCMZ8Y8HWSMTZ
393,Isuzu,Trooper II,2018-08-17 02:09:28,Invalid date,XOQ-38OBH,JMAYHJNURGASIZJ
394,GMC,Yukon XL,2018-02-28 01:22:13,Invalid date,IHD-CJLKN,QARR085EUBG1O9H
395,Suzuki,Verona,2019-10-28 02:47:22,Invalid date,EBE-DAEGL,TBFQE2DZ1L4M1DI
396,Rolls-Royce,Silver Seraph,2016-05-20 16:03:37,Invalid date,ZAF-Y5CIC,TPCJYPJ1WPW12BC
397,Honda,CRX,2013-03-30 23:33:47,Invalid date,KII-M5YZL,OBZX0YVC0PDEE6E
398,Buick,Roadmaster,2019-07-18 22:08:20,Invalid date,NXN-YZZ0K,M06SGUGV174RLFB
399,Maserati,Coupe,2012-08-08 12:12:51,Invalid date,RQU-GY2KF,2RQNIVZYR4LRFZN
400,RAM,2500,2013-11-06 11:54:51,Invalid date,TJA-ZINWA,GYEEFPLIBZJLC2E
401,Renault,R18,2014-06-26 16:36:17,Invalid date,GJI-Y0O4H,KJK178AKDNO1Z7J
402,Bentley,Brooklands,2017-09-01 13:12:27,Invalid date,YLZ-RSD3O,TXPKUOXSMAQJ94Z
403,Renault,18i,2019-11-10 09:31:54,Invalid date,CRE-5RNM0,GOUKHULXKPWTGDK
404,Alfa Romeo,164,2020-01-01 02:53:15,Invalid date,LOA-GVLG1,PJHXF2W4OM03CFP
405,Porsche,Panamera,2014-08-12 07:43:59,Invalid date,MAI-92FBO,GEY6ELXMPMCTTDB
406,Volvo,V40,2015-04-11 04:29:33,Invalid date,TLP-PO04J,BDTPG4TGJ7WFPPQ
407,Aston Martin,Lagonda,2012-09-15 10:40:54,Invalid date,IEA-4TMDG,XFZYDHLAU4W4W0Y
408,Maybach,62,2012-10-03 17:21:42,Invalid date,GPI-C8F11,PBXVI7HXGR06UZI
409,Kia,Spectra,2014-02-28 08:33:02,Invalid date,OQU-6WNGT,AHASYM4N8DENJM3
410,Toyota,RAV4,2019-09-19 01:31:50,Invalid date,RCC-J2PVO,H1XGHKCNLS9KLBF
411,Mercedes-Benz,500SL,2017-09-09 08:57:27,Invalid date,CAG-2WNRB,WLTDTMDT87LEIAF
412,Lotus,Esprit,2020-03-10 17:56:00,Invalid date,LIW-GRAQC,NDBQ4KUXFIZL20P
413,Ferrari,328 GTS,2013-01-30 20:07:12,Invalid date,WPY-1NJJM,V5RTOGEERZB7SRT
414,Audi,TT RS,2020-11-15 11:47:21,Invalid date,FCK-9KBNY,N3FPHONO7QKVIMO
415,Toyota,MR2,2020-03-29 09:32:49,Invalid date,UPQ-RCK14,WUPZLSIUA121CIK
416,Mercury,Mariner,2020-09-05 05:16:50,Invalid date,TGC-UJ986,LF5ASGTSH63RRLQ
417,Chrysler,Sebring,2014-07-17 02:03:36,Invalid date,OKC-B9NSP,ESZMF31UO8I5LQP
418,Subaru,XT,2014-06-12 01:33:14,Invalid date,JJL-H6UTC,KYLNDYZZWSWVZIU
419,Lamborghini,Murcielago,2020-02-15 15:10:09,Invalid date,EYH-2HPRB,VPOUEYFLJDESGBK
420,Lancia,Zagato,2015-05-17 16:52:34,Invalid date,ATA-LFRWV,YQU9IH49UCZMR5A
421,SRT,Viper,2015-04-08 09:47:45,Invalid date,LJZ-D0ED5,WTBTI1YYPIWQHQG
422,Honda,Accord,2012-03-09 19:07:26,Invalid date,JLR-SDYVH,L9BPXWQU1E77WUM
423,Freightliner,Sprinter,2016-03-14 07:56:12,Invalid date,FSC-OSGVW,R6ABSJPTYQ9YWIB
424,RAM,4500,2019-08-22 23:44:23,Invalid date,TST-IPYMO,TZ4R3L7Y4Y9RRQT
425,Maybach,62,2012-12-04 09:36:07,Invalid date,AJW-VIM5S,1CXYW555U9KCN1E
426,Volvo,940,2014-11-20 20:10:27,Invalid date,ESE-1NM34,R8CS6CHDYZIYXQN
427,Triumph,TR8,2015-05-27 04:41:08,Invalid date,YIT-ZVXGK,47OFQOQ4KVHSRMP
428,Subaru,Impreza,2018-04-21 20:46:16,Invalid date,VXS-M7XHX,TNW18Q7AQXCVIML
429,RAM,4500,2012-09-10 15:26:52,Invalid date,ADA-KC3EQ,Z9MTHXMUSWGUQHN
430,FIAT,X1/9,2016-03-20 13:33:16,Invalid date,HYI-EX8RV,SHAQM4UZGXMTCNC
431,Daihatsu,Charade,2016-07-29 16:25:23,Invalid date,NUB-OBLBD,WK0J9BJ2UPH8X4B
432,Eagle,Premier,2019-05-05 11:12:32,Invalid date,NPZ-VNILJ,REBL9NOC3BN66K8
433,Avanti,Sedan,2015-08-13 16:39:22,Invalid date,EDZ-4FJTT,Y4WXDWOE56ML9Q1
434,Aston Martin,DBS,2017-09-08 21:50:49,Invalid date,DAV-REAMB,KGGYGI1VUUGOVDE
435,Toyota,Tacoma,2012-01-30 22:26:51,Invalid date,SBB-GBBVY,329ZUCWU28DDGBJ
436,Mercury,Capri,2014-12-26 11:49:21,Invalid date,MGI-KEYKU,Z0SF61WASTNNSPY
437,Rolls-Royce,Silver Spur,2015-12-08 13:26:31,Invalid date,NFJ-VDZSG,4QH1AUUKGG0VUPO
438,Bentley,Continental,2012-02-08 18:23:15,Invalid date,PPP-UW7VL,H2DY8YCTYYZAENG
439,Merkur,XR4Ti,2016-09-02 09:37:01,Invalid date,CQJ-UZTV7,OLRYYQDV1NPD1S5
440,Peugeot,405,2014-08-15 11:55:19,Invalid date,QRL-2HNEV,VB4AY5O6ZRIAY3P
441,Tesla,Roadster,2012-04-23 07:20:40,Invalid date,CYT-GVENH,NHDCCZRSPUG29I6
442,smart,fortwo,2020-01-01 21:22:11,Invalid date,OVR-Q5W9C,W32F388TBDRODG9
443,Acura,2.3CL,2019-01-18 16:56:00,Invalid date,ZLU-RWDQX,FRO3WXT2XDWUGYP
444,Triumph,TR7,2015-11-25 19:51:35,Invalid date,LDK-WIL5R,O9DWST6B6KXAMOT
445,Scion,tC,2018-09-01 06:25:00,Invalid date,XWL-WZPRZ,RBOTGWRLJBCFQ4Q
446,Geo,Storm,2020-05-01 17:49:46,Invalid date,EPH-2UPYV,ETGSSUM0GBIT7UP
447,Mercedes-Benz,600SEL,2019-08-19 16:50:54,Invalid date,KBD-6G8X2,MXWSD8TEVBEK9BV
448,Pontiac,Torrent,2013-10-04 04:04:08,Invalid date,DFM-SKVJ7,SWMJ6J9GIUPSTF3
449,Peugeot,405,2015-03-06 11:24:20,Invalid date,RJG-OWDTL,NX3QH2QCKEVVT72
450,Mercedes-Benz,E350,2014-12-23 13:02:33,Invalid date,ANU-AOMBR,R9EFRBLLOMFT67P
451,Avanti,Coupe,2020-07-29 18:08:16,Invalid date,ETY-SC18X,TJQDOSP6AQMQS0X
452,Saturn,Outlook,2013-10-30 14:08:00,Invalid date,POY-8FJ2S,C28IQZVWHOCFT2S
453,Scion,xA,2014-05-06 15:08:33,Invalid date,RCT-VSBHW,DOJALASFE8CAZYD
454,AMC,Encore,2019-01-12 00:46:20,Invalid date,JDL-PBJ1Y,J6VVCGIDCN0BLED
455,Lancia,Beta,2017-09-07 12:08:29,Invalid date,QTB-WSCAH,YCJJQIOASGQ3SC3
456,Fisker,Karma,2012-01-07 20:00:53,Invalid date,SPU-5RFIR,OFFQHZKYUT5C0CB
457,HUMMER,H2,2016-06-20 14:01:56,Invalid date,CGY-L5M9A,WLCDKYXOBKQZOTT
458,Infiniti,M35h,2013-09-03 14:43:56,Invalid date,IXJ-OZBJO,P4PLARYGBIBD8K4
459,Yugo,GV,2015-04-01 18:28:46,Invalid date,TMY-V8J5D,DDM1J42RT3KFAYR
460,Hyundai,Excel,2018-08-24 19:07:14,Invalid date,ZUN-TETZJ,RJ6EJPLGDOTIMGQ
461,Lexus,HS 250h,2018-10-05 20:19:33,Invalid date,JUW-NXDNN,CABVUC5HXC1UHVM
462,DeLorean,DMC-12,2019-09-04 17:24:44,Invalid date,UXF-JIF3V,AQLGCXEIG6IILH3
463,Ford,C-MAX,2016-12-27 19:30:24,Invalid date,VOW-HTNSA,RUWTPXHVTJDSPWE
464,MINI,Cooper Countryman,2016-12-05 23:56:12,Invalid date,AKF-JRNWY,OZUUT7JBQJPZYFW
465,Maybach,57,2016-03-06 23:53:23,Invalid date,CVH-RLRHQ,HFADYTPQA6XBEMJ
466,BMW,850i,2015-07-02 16:01:16,Invalid date,ZBZ-TZPIY,EVM3HIG5RGJRYKI
467,Oldsmobile,Cutlass Calais,2017-07-18 02:19:37,Invalid date,OFN-B6ZER,ZG0KKRVV3QP1TAQ
468,Lamborghini,Countach,2017-03-04 16:26:53,Invalid date,HRC-9GAYR,71B83LSTVFKPPAW
469,Mazda,MPV,2016-05-19 12:47:43,Invalid date,MAS-VHU0T,PP8VXUXOPUWOYW1
470,Hyundai,Excel,2016-03-18 08:34:26,Invalid date,DRO-8EU1S,NCN83FPP9WY7BPI
471,Buick,LaCrosse,2015-10-19 14:42:52,Invalid date,XXJ-DLFVF,19ODILEYG2IINHI
472,Ferrari,512M,2014-11-16 18:29:19,Invalid date,GWP-ATUZE,JEN5PARH8MHWJEV
473,Datsun,200SX,2016-12-21 08:38:37,Invalid date,EHN-WR63Z,FI2TIIAACLG9NVD
474,Lancia,Zagato,2019-05-09 14:29:36,Invalid date,ZET-S0JFA,BW6R2XPE3OXJRAY
475,Mercedes-Benz,G63 AMG,2013-04-09 04:27:55,Invalid date,PLH-9QVGQ,UJAW4N75QSMTH3Z
476,Land Rover,Range Rover,2020-09-08 07:25:14,Invalid date,CKU-NRM0V,H62TZB0TYCJPWHW
477,Pontiac,Fiero,2013-07-21 01:54:36,Invalid date,EJB-RBQPA,Y2I2RM3PRYQHSXH
478,Alfa Romeo,Spider,2016-11-20 14:37:33,Invalid date,COK-KHCKL,YXKNCX96NWRQ2LQ
479,Infiniti,JX35,2013-10-31 05:44:47,Invalid date,DEN-9EAUE,SCQKX0YNRQIKHDJ
480,Dodge,Monaco,2015-10-12 05:11:44,Invalid date,LJF-CN3W9,U2W4GHESIU2ZPBA
481,smart,fortwo,2020-02-20 06:28:30,Invalid date,AUO-G2JIE,JEML0IPDPJP8SRM
482,MINI,Cooper Countryman,2017-03-28 23:51:43,Invalid date,VNU-K893Z,AKOCH4GTFMVVF7U
483,Rolls-Royce,Ghost,2015-03-09 03:41:24,Invalid date,NGE-TWQPZ,ZYSKR5HRZUDPY73
484,Land Rover,Discovery,2019-03-05 01:00:19,Invalid date,HTK-YMNTM,OJ7QF8S55WTSM3P
485,Maserati,GranSport,2012-09-06 20:53:46,Invalid date,GWK-GF6OZ,FQNW8F6SYUEXDR1
486,Suzuki,X-90,2019-01-08 02:13:43,Invalid date,XCI-HGYBP,VMQHYWM5JGO3HRB
487,Lancia,Zagato,2015-11-27 19:21:50,Invalid date,XXC-FIZMG,HPZB31MHM0XUWP0
488,Cadillac,De Ville,2019-12-01 17:16:26,Invalid date,NVE-RZJSM,GKNTSROOF41BUHB
489,Jaguar,X-Type,2020-09-22 04:43:07,Invalid date,XUD-LE9ZD,CM7EYVFPE4TV0LF
490,Triumph,TR8,2012-04-19 06:58:56,Invalid date,MMO-5WTXG,CROFAOHYUBFRADJ
491,Infiniti,I30,2013-01-23 01:37:40,Invalid date,EZF-5YGEY,6DTIH97YBPP5A1L
492,Freightliner,Sprinter,2018-01-07 21:32:56,Invalid date,DSN-QXVJ4,SDC4P7VMR1GXUNF
493,Land Rover,Range Rover,2014-06-06 21:04:27,Invalid date,UMD-FI0VR,ZEN2HOAB6D0JSFT
494,Plymouth,Trailduster,2015-03-31 10:06:52,Invalid date,JEQ-YD6UP,W4EX12NHCYU8SJG
495,Lamborghini,Jalpa,2020-09-17 14:12:53,Invalid date,LQI-JPKHY,HJOWSR71WZFKP2D
496,SRT,Viper,2019-10-09 08:11:33,Invalid date,CYW-DVKBT,HCBNAA8QSCRIJSZ
497,Lancia,Beta,2018-08-03 12:55:47,Invalid date,XIJ-XQVPF,85XYESHDUQUNPIL
498,Freightliner,Sprinter,2015-12-20 17:35:27,Invalid date,ZAS-6XID8,SABPXY67R3FFAIG
499,Lotus,Elan,2012-10-10 18:36:04,Invalid date,EAD-HOQNG,DVHP1DSAYKIOG3L
500,GMC,TopKick C4500,2018-06-04 15:35:59,Invalid date,XAX-DCTAX,XZNMIJHKHUYOQNX
